file,cov50_est
metrics_1985.csv,1.0
metrics_1990.csv,0.8666666666666667
metrics_2015.csv,0.8
metrics_2020.csv,0.8666666666666667
