indicator,a,b
unemployment_rate,22.636081857375178,15.016102708691722
real_gdp_growth,21.703068963060606,-26.73245690987061
