indicator,n,cov50,cov90
ALL,30,0.8333333333333334,0.9
real_gdp_growth,15,0.9333333333333333,0.9333333333333333
unemployment_rate,15,0.7333333333333333,0.8666666666666667
