indicator,level,x,n,p_value,ci_low,ci_high,within_95pct_CI,BH_FDR_pass
ba_plus_25plus_share,0.5,12,15,0.020136751550346332,0.5481455128483065,0.9295245065301844,False,False
trust_media_pct,0.5,8,15,0.7962534147376392,0.30116980025498397,0.7519046463426261,True,False
ba_plus_25plus_share,0.9,14,15,0.6669545286928193,0.7018347012621998,0.9881331045067315,True,False
trust_media_pct,0.9,15,15,0.19670560245894708,0.7961166989641515,1.0,True,False
