year,horizons_count,cov50_err_pp,cov90_err_pp,has_composite,composite_mean
1995,34,0.00,0.00,yes,0.500000
2000,90,0.00,0.00,yes,0.500000
2005,16,0.00,0.00,yes,0.500000
2010,24,0.00,0.00,yes,0.500000
