indicator,horizon,covered_50_rate,covered_90_rate,loss50_abs_error,loss90_abs_error
,5,0.0,0.0,0.5,0.9
,10,1.0,1.0,0.5,0.09999999999999998
,5,1.0,1.0,0.5,0.09999999999999998
,10,1.0,1.0,0.5,0.09999999999999998
,5,1.0,1.0,0.5,0.09999999999999998
,10,1.0,1.0,0.5,0.09999999999999998
,5,0.0,0.0,0.5,0.9
,10,1.0,1.0,0.5,0.09999999999999998
,5,1.0,1.0,0.5,0.09999999999999998
,10,1.0,1.0,0.5,0.09999999999999998
,5,0.0,0.0,0.5,0.9
,10,0.0,1.0,0.5,0.09999999999999998
